ID,NAME,MODEL,COLORWAY,STYLE,SIZE,PRICE,SELLER RETURN,DATE IN,DATE SOLD,LOCATION,CONDITION
3234820,yeezy 500,yeezy 500,sumoye/sumoye/sumoye,db2966,10.5,$315.00,$259.88,06/15/2019,09/08/2019,NY,New
3235226,yeezy 500,yeezy 500,utiblk/utiblk/utiblk,f36640,14,$390.00,$321.75,06/15/2019,09/06/2019,NY,New
3368276,yeezy boost 350 v2 kids,yeezy boost 350 v2 kids,clay/clay/clay,eg6872,1.5,$240.00,$198.00,08/03/2019,09/05/2019,NY,New
2599817,slip-on cap lx bla,slip-on cap lx bla,black/true white,vn0a3tks6bt,10,$145.00,$119.62,09/22/2018,08/27/2019,NY,New
3368240,yeezy boost 350 v2,yeezy boost 350 v2,lundmark/lundmark/lundmark,fu9161,4,$365.00,$301.12,08/03/2019,08/24/2019,NY,New
2992993,air force 1 '07,air force 1 '07,white/white-game royal,bq8448 100,11.5,$265.00,$218.62,03/14/2019,08/23/2019,FW,New
2599805,air jordan 3 jth nrg,air jordan 3 jth nrg,bio beige/bio beige,av6683 200,8.5,$295.00,$243.38,09/22/2018,08/23/2019,FO,New
2992996,air force 1 '07,air force 1 '07,white/white-game royal,bq8448 100,11.5,$265.00,$218.62,03/14/2019,08/22/2019,FW,New
3061782,nike air max susan,nike air max susan,Sail/Alabaster/Cosmic Bonsa,CK6643 100,9,$325.00,$268.12,04/09/2019,08/21/2019,NY,New
2799504,air jordan 10 retro,air jordan 10 retro,white/black-royal blue,310805 108,12.5,$250.00,$206.25,12/23/2018,08/20/2019,FW,New
3056582,air jordan 1 retro high og,air jordan 1 retro high og,neutral grey/black,555088 018,8.5,$245.00,$202.12,04/06/2019,08/19/2019,FW,New
3368243,yeezy boost 350 v2,yeezy boost 350 v2,lundmark/lundmark/lundmark,fu9161,5,$400.00,$330.00,08/03/2019,08/17/2019,NY,New
2599831,react element 87/undercover,react element 87/undercover,volt/varsity red-black,bq2718 700,7.5,$395.00,$325.88,09/22/2018,08/17/2019,MIA,New
3056583,air jordan 1 retro high og,air jordan 1 retro high og,neutral grey/black,555088 018,8.5,$245.00,$202.12,04/06/2019,08/16/2019,FW,New
3235225,yeezy 500,yeezy 500,utiblk/utiblk/utiblk,f36640,14,$390.00,$321.75,06/15/2019,08/15/2019,NY,New
3368226,Air Jordan 1 Mid SE,Air Jordan 1 Mid SE,Black/Black-Tour Yellow-White,852542 071,7.5,$230.00,$189.75,08/03/2019,08/15/2019,NY,New
3255746,Air Jordan 11 Golf 'Safari Bred',Air Jordan 11 Golf 'Safari Bred',Black/University Red-Black,AQ0963 001,9,$725.00,$598.12,06/23/2019,08/12/2019,NY,New
3368246,yeezy boost 350 v2,yeezy boost 350 v2,lundmark/lundmark/lundmark,fu9161,5.5,$405.00,$334.12,08/03/2019,08/12/2019,NY,New
3368230,air jordan 1 mid se,air jordan 1 mid se,black/black-tour yellow-white,852542 071,8,$180.00,$148.50,08/03/2019,08/12/2019,NY,New
3368241,yeezy boost 350 v2,yeezy boost 350 v2,lundmark/lundmark/lundmark,fu9161,4,$365.00,$301.12,08/03/2019,08/11/2019,NY,New
3368229,air jordan 1 mid se,air jordan 1 mid se,black/black-tour yellow-white,852542 071,8,$180.00,$148.50,08/03/2019,08/11/2019,NY,New
3368244,yeezy boost 350 v2,yeezy boost 350 v2,lundmark/lundmark/lundmark,fu9161,5.5,$405.00,$334.12,08/03/2019,08/10/2019,NY,New
3235262,yeezy boost 700,yeezy boost 700,inerti/inerti/inerti,eg7597,4.5,$385.00,$317.62,06/15/2019,08/09/2019,NY,New
3368242,yeezy boost 350 v2,yeezy boost 350 v2,lundmark/lundmark/lundmark,fu9161,4.5,$360.00,$297.00,08/03/2019,08/09/2019,NY,New
3368250,yeezy boost 350 v2,yeezy boost 350 v2,lundmark/lundmark/lundmark,fu9161,6.5,$380.00,$313.50,08/03/2019,08/08/2019,NY,New
3368251,yeezy boost 350 v2,yeezy boost 350 v2,lundmark/lundmark/lundmark,fu9161,7,$380.00,$313.50,08/03/2019,08/07/2019,NY,New
3368238,yeezy boost 350 v2,yeezy boost 350 v2,lundmark/lundmark/lundmark,fu9161,4,$365.00,$301.12,08/03/2019,08/06/2019,NY,New
2499177,pw hu holi nmd mc,pw hu holi nmd mc,purple/green/pink,ac7034,9.5,$280.00,$231.00,07/14/2018,08/06/2019,FO,New
3368286,yeezy boost 700 v2,yeezy boost 700 v2,tephra/tephra/tephra,fu7914,5.5,$495.00,$408.38,08/03/2019,08/06/2019,NY,New
3368255,yeezy boost 350 v2,yeezy boost 350 v2,lundmark/lundmark/lundmark,fu9161,9,$360.00,$297.00,08/03/2019,08/06/2019,NY,New
3368290,yeezy boost 350 v2,yeezy boost 350 v2,butter/butter/butter,f36980,8.5,$330.00,$272.25,08/03/2019,08/06/2019,NY,New
3368291,yeezy boost 700,yeezy boost 700,mgsogr/cwhite/cblack,b75571,8.5,$460.00,$379.50,08/03/2019,08/06/2019,NY,New
3368287,yeezy boost 350 v2,yeezy boost 350 v2,black/black/black,fu9006,8,$565.00,$466.12,08/03/2019,08/06/2019,NY,New
3235229,yeezy boost 700,yeezy boost 700,inerti/inerti/inerti,eg7597,4.5,$385.00,$317.62,06/15/2019,08/05/2019,NY,New
3368257,yeezy boost 350 v2,yeezy boost 350 v2,lundmark/lundmark/lundmark,fu9161,9,$360.00,$297.00,08/03/2019,08/05/2019,NY,New
3368256,yeezy boost 350 v2,yeezy boost 350 v2,lundmark/lundmark/lundmark,fu9161,9,$360.00,$297.00,08/03/2019,08/05/2019,NY,New
3368289,yeezy boost 350 v2,yeezy boost 350 v2,black/black/black,fu9006,9,$625.00,$515.62,08/03/2019,08/05/2019,NY,New
3235280,yeezy boost 350 v2,yeezy boost 350 v2,hypers/hypers/hypers,eg7491,9,$560.00,$462.00,06/15/2019,08/05/2019,NY,New
3368292,yeezy boost 700,yeezy boost 700,mgsogr/cwhite/cblack,b75571,9,$495.00,$408.38,08/03/2019,08/05/2019,NY,New
3368239,yeezy boost 350 v2,yeezy boost 350 v2,lundmark/lundmark/lundmark,fu9161,4,$365.00,$301.12,08/03/2019,08/05/2019,NY,New
3368252,yeezy boost 350 v2,yeezy boost 350 v2,lundmark/lundmark/lundmark,fu9161,7.5,$365.00,$301.12,08/03/2019,08/05/2019,NY,New
3368288,yeezy boost 350 v2,yeezy boost 350 v2,black/black/black,fu9006,9,$625.00,$515.62,08/03/2019,08/05/2019,NY,New
3368282,yeezy boost 350 v2,yeezy boost 350 v2,clay/clay/clay,eg7490,4,$400.00,$330.00,08/03/2019,08/04/2019,NY,New
3368253,yeezy boost 350 v2,yeezy boost 350 v2,lundmark/lundmark/lundmark,fu9161,8,$345.00,$284.62,08/03/2019,08/04/2019,NY,New
3056538,yeezy boost 700,yeezy boost 700,mauve/mauve/mauve,ee9614,12.5,$370.00,$305.25,04/06/2019,08/04/2019,NY,New
3235258,yeezy boost 700,yeezy boost 700,salt/salt/salt,eg7487,11,$310.00,$255.75,06/15/2019,08/04/2019,NY,New
3368245,yeezy boost 350 v2,yeezy boost 350 v2,lundmark/lundmark/lundmark,fu9161,5.5,$405.00,$334.12,08/03/2019,08/04/2019,NY,New
3368254,yeezy boost 350 v2,yeezy boost 350 v2,lundmark/lundmark/lundmark,fu9161,8,$345.00,$284.62,08/03/2019,08/04/2019,NY,New
3235277,yeezy boost 350 v2,yeezy boost 350 v2,hypers/hypers/hypers,eg7491,9,$560.00,$462.00,06/15/2019,08/03/2019,NY,New
3235282,yeezy boost 350 v2,yeezy boost 350 v2,hypers/hypers/hypers,eg7491,9,$560.00,$462.00,06/15/2019,08/02/2019,NY,New
3025568,air foamposite one mt qs,air foamposite one mt qs,racer blue/white-black,bv8161 400,7.5,$400.00,$330.00,03/27/2019,08/01/2019,NY,New
3235268,yeezy boost 350 v2,yeezy boost 350 v2,trfrm/trfrm/trfrm,eg7492,4,$500.00,$412.50,06/15/2019,08/01/2019,NY,New
2799518,nike sb dunk low pro og qs,nike sb dunk low pro og qs,voltage purple/voltage purple,bv1310 555a,10.5,$475.00,$391.88,12/23/2018,08/01/2019,FW,New
3235267,yeezy boost 350 v2,yeezy boost 350 v2,trfrm/trfrm/trfrm,eg7492,6.5,$575.00,$474.38,06/15/2019,07/29/2019,NY,New
3056536,yeezy boost 700,yeezy boost 700,mauve/mauve/mauve,ee9614,12.5,$370.00,$305.25,04/06/2019,07/25/2019,NY,New
3235251,yeezy boost 700,yeezy boost 700,salt/salt/salt,eg7487,11,$310.00,$255.75,06/15/2019,07/25/2019,NY,New
3255741,eqt support mid adv pk,eqt support mid adv pk,cgreen/cblack/bogold,d97056,11,$275.00,$226.88,06/23/2019,07/25/2019,NY,New
2599772,Size? x Old Skool,Size? x Old Skool,Multi/Multi,VN0A38G1RFP,10,$570.00,$470.25,09/22/2018,07/24/2019,FW,New
2679164,the 10: nike blazer mid,the 10: nike blazer mid,wolf grey/cool grey-pure platinum-volt,aa3832 002,14,$970.00,$800.25,11/10/2018,07/23/2019,NY,New
2992998,air force 1 '07,air force 1 '07,white/white-game royal,bq8448 100,6,$380.00,$313.50,03/14/2019,07/22/2019,FW,New
3255734,air jordan 14 retro s,air jordan 14 retro s,white/university red,bv7630 106,8,$340.00,$280.50,06/23/2019,07/21/2019,NY,New
3235270,yeezy boost 350 v2,yeezy boost 350 v2,trfrm/trfrm/trfrm,eg7492,4,$500.00,$412.50,06/15/2019,07/18/2019,NY,New
3235253,yeezy boost 700,yeezy boost 700,salt/salt/salt,eg7487,12,$290.00,$239.25,06/15/2019,07/18/2019,NY,New
3255743,air max 2 light qs,air max 2 light qs,black/bright crimson,bv7406 001,9,$150.00,$123.75,06/23/2019,07/17/2019,NY,New
3025574,air foamposite one mt qs,air foamposite one mt qs,racer blue/white-black,bv8161 400,9,$350.00,$288.75,03/27/2019,07/16/2019,NY,New
2993003,nike air skylon II/fog,nike air skylon II/fog,black/sail-fossil,bq2752 001,7,$100.00,$82.50,03/14/2019,07/16/2019,FW,New
3235256,yeezy boost 700,yeezy boost 700,salt/salt/salt,eg7487,12,$290.00,$239.25,06/15/2019,07/14/2019,NY,New
3023171,air max 90 qs,air max 90 qs,mars stone/magma orange,cd0920 600,9,$160.00,$132.00,03/26/2019,07/08/2019,NY,New
3234819,yeezy 500,yeezy 500,sumoye/sumoye/sumoye,db2966,8.5,$330.00,$272.25,06/15/2019,07/07/2019,NY,New
3032870,air jordan 1 retro high og (gs),air jordan 1 retro high og (gs),turbo green/sail-white,575441 311,7Y,$174.00,$143.55,03/29/2019,07/06/2019,NY,New
3235286,yeezy boost 700,yeezy boost 700,inerti/inerti/inerti,eg7597,5.5,$405.00,$334.12,06/15/2019,07/05/2019,NY,New
3234818,yeezy 500,yeezy 500,sumoye/sumoye/sumoye,db2966,9,$285.00,$235.12,06/15/2019,07/05/2019,NY,New
3255748,yeezy boost 350 v2 kids,yeezy boost 350 v2 kids,clay/clay/clay,eg6872,11.5K,$235.00,$193.88,06/23/2019,07/05/2019,NY,New
3234817,yeezy 500,yeezy 500,sumoye/sumoye/sumoye,db2966,9,$285.00,$235.12,06/15/2019,07/02/2019,NY,New
3255729,air jordan 6 retro,air jordan 6 retro,black/infrared,384664 060,9,$275.00,$226.88,06/23/2019,07/02/2019,NY,New
3255749,yeezy boost 350 v2 gid infant,yeezy boost 350 v2 gid infant,glow/glow/glow,eg6887,8K,$285.00,$235.12,06/23/2019,07/02/2019,NY,New
3255745,air max 2 light qs,air max 2 light qs,black/bright crimson,bv7406 001,9.5,$160.00,$132.00,06/23/2019,07/02/2019,FW,New
3255744,air max 2 light qs,air max 2 light qs,black/bright crimson,bv7406 001,9.5,$160.00,$132.00,06/23/2019,07/02/2019,FW,New
3255747,yeezy boost 350 v2 infant,yeezy boost 350 v2 infant,clay/clay/clay,eg6881,10K,$225.00,$185.62,06/23/2019,07/02/2019,NY,New
3032866,air jordan 1 retro high og (gs),air jordan 1 retro high og (gs),turbo green/sail-white,575441 311,7Y,$174.00,$143.55,03/29/2019,07/02/2019,FW,New
3025578,air jordan 1 retro high og (gs),air jordan 1 retro high og (gs),turbo green/sail-white,575441 311,7Y,$174.00,$143.55,03/27/2019,07/01/2019,NY,New
3023168,air jordan 1 retro high og (gs),air jordan 1 retro high og (gs),turbo green/sail-white,575441 311,7Y,$174.00,$143.55,03/26/2019,07/01/2019,NY,New
3235285,yeezy boost 350 v2,yeezy boost 350 v2,hypers/hypers/hypers,eg7491,6.5,$650.00,$536.25,06/15/2019,06/30/2019,NY,New
3023167,air jordan 1 retro high og (gs),air jordan 1 retro high og (gs),turbo green/sail-white,575441 311,7Y,$174.00,$143.55,03/26/2019,06/30/2019,NY,New
3255728,air jordan 6 retro,air jordan 6 retro,black/infrared,384664 060,9,$275.00,$226.88,06/23/2019,06/30/2019,NY,New
3235283,yeezy boost 700,yeezy boost 700,inerti/inerti/inerti,eg7597,5.5,$405.00,$334.12,06/15/2019,06/29/2019,NY,New
3235278,yeezy boost 700,yeezy boost 700,inerti/inerti/inerti,eg7597,5.5,$405.00,$334.12,06/15/2019,06/29/2019,NY,New
3056567,air jordan 1 retro high og,air jordan 1 retro high og,neutral grey/black,555088 018,9,$220.00,$181.50,04/06/2019,06/28/2019,FW,New
3255731,air jordan 1 high og defiant,air jordan 1 high og defiant,court purple/black-sail,cd6578 507,9.5,$750.00,$618.75,06/23/2019,06/27/2019,NY,New
3235273,yeezy boost 350 v2,yeezy boost 350 v2,hypers/hypers/hypers,eg7491,4.5,$525.00,$433.12,06/15/2019,06/27/2019,NY,New
3235272,yeezy boost 350 v2,yeezy boost 350 v2,static/static/static,ef2367,13,$655.00,$540.38,06/15/2019,06/26/2019,NY,New
3235271,yeezy boost 350 v2,yeezy boost 350 v2,static/static/static,ef2367,13,$655.00,$540.38,06/15/2019,06/26/2019,NY,New
3056573,air jordan 1 retro high og,air jordan 1 retro high og,neutral grey/black,555088 018,8,$255.00,$210.38,04/06/2019,06/26/2019,FW,New
3056575,air jordan 1 retro high og,air jordan 1 retro high og,neutral grey/black,555088 018,8,$255.00,$210.38,04/06/2019,06/26/2019,FW,New
3056576,air jordan 1 retro high og,air jordan 1 retro high og,neutral grey/black,555088 018,8,$255.00,$210.38,04/06/2019,06/26/2019,FW,New
3235275,yeezy boost 700,yeezy boost 700,inerti/inerti/inerti,eg7597,5.5,$405.00,$334.12,06/15/2019,06/25/2019,NY,New
3056531,yeezy boost 700,yeezy boost 700,salt/salt/salt,eg7487,8,$360.00,$297.00,04/06/2019,06/25/2019,NY,New
3056574,air jordan 1 retro high og,air jordan 1 retro high og,neutral grey/black,555088 018,8,$255.00,$210.38,04/06/2019,06/25/2019,FW,New
3056581,air jordan 1 retro high og,air jordan 1 retro high og,neutral grey/black,555088 018,8.5,$245.00,$202.12,04/06/2019,06/25/2019,FW,New
3056577,air jordan 1 retro high og,air jordan 1 retro high og,neutral grey/black,555088 018,8,$255.00,$210.38,04/06/2019,06/25/2019,FW,New
3056569,air jordan 1 retro high og,air jordan 1 retro high og,neutral grey/black,555088 018,9,$220.00,$181.50,04/06/2019,06/24/2019,FW,New
3056522,air jordan 1 retro high og,air jordan 1 retro high og,neutral grey/black,555088 018,9,$220.00,$181.50,04/06/2019,06/24/2019,FW,New
3056565,air jordan 1 retro high og,air jordan 1 retro high og,neutral grey/black,555088 018,9,$220.00,$181.50,04/06/2019,06/24/2019,FW,New
3056523,air jordan 1 retro high og,air jordan 1 retro high og,neutral grey/black,555088 018,9,$220.00,$181.50,04/06/2019,06/24/2019,FW,New
3056563,air jordan 1 retro high og,air jordan 1 retro high og,neutral grey/black,555088 018,9,$220.00,$181.50,04/06/2019,06/24/2019,FW,New
3056564,air jordan 1 retro high og,air jordan 1 retro high og,neutral grey/black,555088 018,9,$220.00,$181.50,04/06/2019,06/24/2019,FW,New
3056521,air jordan 1 retro high og,air jordan 1 retro high og,neutral grey/black,555088 018,9,$220.00,$181.50,04/06/2019,06/24/2019,FW,New
3235266,yeezy boost 350 v2,yeezy boost 350 v2,trfrm/trfrm/trfrm,eg7492,7.5,$475.00,$391.88,06/15/2019,06/24/2019,NY,New
3235228,yeezy boost 350 v2,yeezy boost 350 v2,clay/clay/clay,eg7490,13,$305.00,$251.62,06/15/2019,06/23/2019,NY,New
3056570,air jordan 1 retro high og,air jordan 1 retro high og,neutral grey/black,555088 018,9,$220.00,$181.50,04/06/2019,06/23/2019,NY,New
3056547,yeezy boost 350 v2,yeezy boost 350 v2,static/static/static,ef2367,10,$770.00,$635.25,04/06/2019,06/22/2019,NY,New
3056562,yeezy boost 350 v2,yeezy boost 350 v2,static/static/static,ef2367,9,$800.00,$660.00,04/06/2019,06/22/2019,NY,New
3056561,yeezy boost 350 v2,yeezy boost 350 v2,static/static/static,ef2367,9,$800.00,$660.00,04/06/2019,06/22/2019,NY,New
3235250,yeezy boost 700 v2,yeezy boost 700 v2,geode/geode/geode,eg6860,10.5,$320.00,$264.00,06/15/2019,06/21/2019,NY,New
3234815,yeezy boost 350 v2,yeezy boost 350 v2,butter/butter/butter,f36980,9,$295.00,$243.38,06/15/2019,06/21/2019,NY,New
3056551,yeezy boost 350 v2,yeezy boost 350 v2,static/static/static,ef2367,5.5,$920.00,$759.00,04/06/2019,06/21/2019,NY,New
3056558,yeezy boost 350 v2,yeezy boost 350 v2,static/static/static,ef2367,5.5,$920.00,$759.00,04/06/2019,06/21/2019,NY,New
3056550,yeezy boost 350 v2,yeezy boost 350 v2,static/static/static,ef2367,9,$800.00,$660.00,04/06/2019,06/21/2019,NY,New
2993002,nike air skylon II/fog,nike air skylon II/fog,black/sail-fossil,bq2752 001,9,$190.00,$156.75,03/14/2019,06/20/2019,NY,New
3235264,yeezy boost 700,yeezy boost 700,inerti/inerti/inerti,eg7597,5.5,$405.00,$334.12,06/15/2019,06/19/2019,NY,New
3234816,yeezy boost 700,yeezy boost 700,analog/analog/analog,eg7596,6.5,$410.00,$338.25,06/15/2019,06/19/2019,NY,New
3056571,air jordan 1 retro high og,air jordan 1 retro high og,neutral grey/black,555088 018,9,$220.00,$181.50,04/06/2019,06/19/2019,NY,New
3056533,yeezy boost 700,yeezy boost 700,salt/salt/salt,eg7487,9,$355.00,$292.88,04/06/2019,06/19/2019,NY,New
3234808,yeezy boost 350 v2,yeezy boost 350 v2,butter/butter/butter,f36980,9,$295.00,$243.38,06/15/2019,06/18/2019,NY,New
3234813,yeezy boost 350 v2,yeezy boost 350 v2,butter/butter/butter,f36980,9,$295.00,$243.38,06/15/2019,06/18/2019,NY,New
3032876,air jordan 1 retro high og (gs),air jordan 1 retro high og (gs),turbo green/sail-white,575441 311,6.5Y,$185.00,$152.62,03/29/2019,06/18/2019,NY,New
3235265,yeezy boost 350 v2,yeezy boost 350 v2,butter/butter/butter,f36980,10,$320.00,$264.00,06/15/2019,06/17/2019,NY,New
3056548,yeezy boost 350 v2,yeezy boost 350 v2,static/static/static,ef2367,9,$800.00,$660.00,04/06/2019,06/17/2019,NY,New
2134005,pw human race nmd tr,pw human race nmd tr,noble ink/bold yellow-footwear white,ac7360,9,$275.00,$226.88,11/30/2017,06/17/2019,FO,New
3235276,yeezy boost 700 v2,yeezy boost 700 v2,geode/geode/geode,eg6860,9,$330.00,$272.25,06/15/2019,06/17/2019,NY,New
3032875,air jordan 1 retro high og (gs),air jordan 1 retro high og (gs),turbo green/sail-white,575441 311,6.5Y,$185.00,$152.62,03/29/2019,06/17/2019,FW,New
3032872,air jordan 1 retro high og (gs),air jordan 1 retro high og (gs),turbo green/sail-white,575441 311,6.5Y,$185.00,$152.62,03/29/2019,06/16/2019,NY,New
3234811,yeezy boost 350 v2,yeezy boost 350 v2,butter/butter/butter,f36980,9,$295.00,$243.38,06/15/2019,06/16/2019,NY,New
3234809,yeezy boost 350 v2,yeezy boost 350 v2,butter/butter/butter,f36980,9,$295.00,$243.38,06/15/2019,06/16/2019,NY,New
3002222,yeezy boost 700,yeezy boost 700,inerti/inerti/inerti,eg7597,6.5,$435.00,$358.88,03/18/2019,06/07/2019,NY,New
2499074,Kobe 1 Protro,Kobe 1 Protro,Deep Forest/Black-White,AQ3635 300,8.5,$380.00,$313.50,07/14/2018,06/02/2019,NY,New
2502693,Crazy BYW LVL X PW,Crazy BYW LVL X PW,CORE BLACK/FOOTWEAR WHITE/SOLAR PINK,G28182,9,$285.00,$235.12,07/16/2018,06/01/2019,NY,New
3056543,yeezy boost 700,yeezy boost 700,mauve/mauve/mauve,ee9614,9,$390.00,$321.75,04/06/2019,05/26/2019,NY,New
2599767,air jordan 3  retro flyknit,air jordan 3  retro flyknit,black/black-anthracite,aq1005 001,9,$230.00,$189.75,09/22/2018,05/20/2019,FW,New
3056526,air jordan 1 high og defiant,air jordan 1 high og defiant,black/gym red-muslin,bq6682 006,9,$240.00,$198.00,04/06/2019,05/16/2019,NY,New
3002221,yeezy boost 700,yeezy boost 700,inerti/inerti/inerti,eg7597,6.5,$435.00,$358.88,03/18/2019,05/16/2019,NY,New
3002220,yeezy boost 700,yeezy boost 700,inerti/inerti/inerti,eg7597,6.5,$435.00,$358.88,03/18/2019,05/16/2019,NY,New
3056579,air jordan 1 retro high og,air jordan 1 retro high og,neutral grey/black,555088 018,8.5,$285.00,$235.12,04/06/2019,05/12/2019,NY,New
3056578,air jordan 1 retro high og,air jordan 1 retro high og,neutral grey/black,555088 018,8.5,$285.00,$235.12,04/06/2019,05/11/2019,NY,New
3056556,yeezy 500,yeezy 500,salt/salt/salt,ee7287,8.5,$375.00,$309.38,04/06/2019,05/11/2019,NY,New
3145292,wmns air jordan 1 retro high og,wmns air jordan 1 retro high og,black/black-metallic gold-white,cd0461 007,W9,$260.00,$214.50,05/08/2019,05/11/2019,NY,New
2599791,Nike React Element 87,Nike React Element 87,Desert Sand/Cool Grey,AQ1090 002,9.5,$230.00,$189.75,09/22/2018,05/10/2019,NY,New
3023166,air jordan 1 retro high og,air jordan 1 retro high og,sail/phantom-university red,555088 160,9,$225.00,$185.62,03/26/2019,05/08/2019,NY,New
3056554,nike air skylon II/fog,nike air skylon II/fog,white/black-light bone sail,bq2752 100,11,$160.00,$132.00,04/06/2019,05/06/2019,FW,New
3056545,air jordan 1 retro high og,air jordan 1 retro high og,turbo green/sail - white,555088 311,9.5,$275.00,$226.88,04/06/2019,05/03/2019,NY,New
3005058,one star ox,one star ox,Erget/Black/Multi,163167C,10,$165.00,$136.12,03/19/2019,05/01/2019,FW,New
3032877,solar hu glide w,solar hu glide w,multi/black,cg6736,W6,$180.00,$148.50,03/29/2019,04/28/2019,NY,New
3056540,yeezy boost 700,yeezy boost 700,salt/salt/salt,eg7487,10.5,$350.00,$288.75,04/06/2019,04/26/2019,NY,New
3056534,yeezy boost 700,yeezy boost 700,salt/salt/salt,eg7487,10.5,$350.00,$288.75,04/06/2019,04/24/2019,NY,New
3056529,yeezy boost 700,yeezy boost 700,salt/salt/salt,eg7487,10.5,$350.00,$288.75,04/06/2019,04/24/2019,NY,New
3056592,air jordan 1 retro high og,air jordan 1 retro high og,black/medium grey-white,555088 013,10,$325.00,$268.12,04/06/2019,04/20/2019,NY,New
3056559,yeezy boost 350 v2,yeezy boost 350 v2,static/static/static,ef2367,6,"$1,120.00",$924.00,04/06/2019,04/19/2019,NY,New
2679161,the 10: nike blazer mid,the 10: nike blazer mid,canvas/total orange,aa3832 700,5,$750.00,$618.75,11/10/2018,04/19/2019,LA,New
3056542,yeezy boost 700,yeezy boost 700,mauve/mauve/mauve,ee9614,9,$400.00,$330.00,04/06/2019,04/17/2019,NY,New
3056590,air jordan 1 retro high og (bg),air jordan 1 retro high og (bg),black/medium grey- white,575441 013,6Y,$290.00,$239.25,04/06/2019,04/17/2019,NY,New
3056584,air jordan 1 retro high og,air jordan 1 retro high og,turbo green/sail - white,555088 311,11,$225.00,$185.62,04/06/2019,04/15/2019,NY,New
3056586,air jordan 1 retro high og,air jordan 1 retro high og,turbo green/sail - white,555088 311,11.5,$225.00,$185.62,04/06/2019,04/14/2019,NY,New
3056591,air jordan 1 retro high og,air jordan 1 retro high og,black/medium grey-white,555088 013,9,$325.00,$268.12,04/06/2019,04/13/2019,NY,New
3056541,yeezy boost 700,yeezy boost 700,mauve/mauve/mauve,ee9614,9,$400.00,$330.00,04/06/2019,04/12/2019,NY,New
3025572,air foamposite one mt qs,air foamposite one mt qs,racer blue/white-black,bv8161 400,8.5,$435.00,$358.88,03/27/2019,04/11/2019,NY,New
3056588,air jordan 1 retro high og (bg),air jordan 1 retro high og (bg),black/medium grey- white,575441 013,6.5Y,$290.00,$239.25,04/06/2019,04/11/2019,NY,New
3056544,air jordan 1 retro high og,air jordan 1 retro high og,turbo green/sail - white,555088 311,9,$310.00,$255.75,04/06/2019,04/10/2019,NY,New
3005062,the 10: nike Force 1 (cb),the 10: nike Force 1 (cb),Black/White-Cone-Black,BV0854 001,3C,$300.00,$247.50,03/19/2019,04/09/2019,NY,New
3056546,nike air skylon ll/fog,nike air skylon ll/fog,light bone/clear-reflect,bq2752 003,10.5,$210.00,$173.25,04/06/2019,04/09/2019,NY,New
3056587,air jordan 1 retro high og (bg),air jordan 1 retro high og (bg),black/medium grey- white,575441 013,6Y,$290.00,$239.25,04/06/2019,04/09/2019,NY,New
3056593,air jordan 1 retro high og,air jordan 1 retro high og,black/medium grey-white,555088 013,11,$250.00,$206.25,04/06/2019,04/08/2019,NY,New
2134006,pw human race nmd tr,pw human race nmd tr,noble ink/bold yellow-footwear white,ac7360,9,$275.00,$226.88,11/30/2017,04/08/2019,FW,New
3005779,Air Force 1 Low Off-White Infant,Air Force 1 Low Off-White Infant,VOLT/HYPER JADE-CONE-BLACK,BV0854 700,1C,$270.00,$222.75,03/19/2019,04/06/2019,NY,New
2499098,air vapormax fk moc 2/acronym,air vapormax fk moc 2/acronym,light bone/volt-light blue,aq0996 001,7.5,$240.00,$198.00,07/14/2018,04/06/2019,NY,New
2990341,yeezy 500,yeezy 500,salt/salt/salt,ee7287,14,$285.00,$235.12,03/13/2019,04/02/2019,NY,New
2599750,react element 87/undercover,react element 87/undercover,lakeside/electric yellow,bq2718 400,6.5,$275.00,$226.88,09/22/2018,03/30/2019,MIA,New
3025576,air foamposite one mt qs,air foamposite one mt qs,racer blue/white-black,bv8161 400,10,$435.00,$358.88,03/27/2019,03/30/2019,NY,New
2499072,air jordan 1 retro high og nrg,air jordan 1 retro high og nrg,black/university red-white,861428 061,9,$410.00,$338.25,07/14/2018,03/28/2019,NY,New
2679154,air jordan 10 retro,air jordan 10 retro,racer blue/team orange-black,310805 408,12.5,$160.00,$132.00,11/10/2018,03/26/2019,FW,New
2554374,"Premier x Dunk High SB TRD 'Win Some, Lose Some'","Premier x Dunk High SB TRD 'Win Some, Lose Some'",Vachetta Tan/White-Metallic Gold,881758 217,6.5,$280.00,$231.00,08/23/2018,03/24/2019,NY,New
2599834,Size? x Old Skool,Size? x Old Skool,Multi/Multi,VN0A38G1RFP,10.5,$350.00,$288.75,09/22/2018,03/22/2019,FW,New
3002219,yeezy boost 700,yeezy boost 700,inerti/inerti/inerti,eg7597,6.5,$550.00,$453.75,03/18/2019,03/19/2019,NY,New
2990340,lebron xvi low ac,lebron xvi low ac,kumquat/kumquat-black,cd9471 800,13,$495.00,$408.38,03/13/2019,03/17/2019,NY,New
2599746,puma thunder spectra,puma thunder spectra,puma blk-puma blk-puma white,367516 01,13,$220.00,$181.50,09/22/2018,03/11/2019,FW,New
2599768,zoom fly mercurial fk /ow,zoom fly mercurial fk /ow,total orange/white-volt,ao2115 800,7,$335.00,$276.38,09/22/2018,03/11/2019,FW,New
2499034,yeezy boost 350 v2,yeezy boost 350 v2,butter/butter/butter,f36980,8,$290.00,$239.25,07/14/2018,03/06/2019,MIA,New
2599798,yeezy 500,yeezy 500,sumoye/sumoye/sumoye,db2966,5,$360.00,$297.00,09/22/2018,02/28/2019,NY,New
2799513,air jordan 15 retro db,air jordan 15 retro db,black/white-metallic gold,bv7107 017,7.5,$285.00,$235.12,12/23/2018,02/25/2019,NY,New
2599797,yeezy 500,yeezy 500,sumoye/sumoye/sumoye,db2966,5,$360.00,$297.00,09/22/2018,02/19/2019,NY,New
2499066,air jordan 1 retro high og nrg,air jordan 1 retro high og nrg,black/university red-white,861428 061,7.5,$380.00,$313.50,07/14/2018,02/16/2019,MIA,New
2599802,yeezy 500,yeezy 500,utiblk/utiblk/utiblk,f36640,7.5,$450.00,$371.25,09/22/2018,02/15/2019,MIA,New
2630715,the 10: nike blazer mid,the 10: nike blazer mid,black/cone-black-white,aa3832 001,6.5,$440.00,$363.00,10/10/2018,02/14/2019,FW,New
2599826,yeezy 500,yeezy 500,sumoye/sumoye/sumoye,db2966,4,$395.00,$325.88,09/22/2018,02/09/2019,NY,New
2599755,yeezy 500,yeezy 500,utiblk/utiblk/utiblk,f36640,6.5,$435.00,$358.88,09/22/2018,02/04/2019,FW,New
2799506,air jordan 1 retro high og,air jordan 1 retro high og,pine green/black-sail,555088 302,14,$220.00,$181.50,12/23/2018,02/04/2019,NJ,New
2599744,air jordan 1 retro high og,air jordan 1 retro high og,game royal/summit white-black,555088 403,10.5,$270.00,$222.75,09/22/2018,01/30/2019,MIA,New
2186037,yeezy boost 350 v2,yeezy boost 350 v2,blutin/grethr/hirere,b37571,9,$400.00,$330.00,12/20/2017,01/28/2019,NJ,New
2599745,puma thunder spectra,puma thunder spectra,puma blk-puma blk-puma white,367516 01,12,$175.00,$144.38,09/22/2018,01/28/2019,FW,New
2599757,yeezy 500,yeezy 500,utiblk/utiblk/utiblk,f36640,6.5,$435.00,$358.88,09/22/2018,01/24/2019,FW,New
2499079,AIR JORDAN 17 RET LOW SOLEFLY,AIR JORDAN 17 RET LOW SOLEFLY,BLACK/LIGHTNING,AJ7321 003,10,$455.00,$375.38,07/14/2018,01/23/2019,NJ,New
2499032,yeezy boost 350 v2,yeezy boost 350 v2,butter/butter/butter,f36980,8,$290.00,$239.25,07/14/2018,01/21/2019,NJ,New
2799500,yeezy boost 700,yeezy boost 700,mauve/mauve/mauve,ee9614,6.5,$400.00,$330.00,12/23/2018,01/21/2019,NY,New
2799499,yeezy boost 700,yeezy boost 700,mauve/mauve/mauve,ee9614,6.5,$400.00,$330.00,12/23/2018,01/21/2019,NY,New
2799509,air jordan 1 retro high og,air jordan 1 retro high og,golden harvest/black-sail,555088 700,12.5,$225.00,$185.62,12/23/2018,01/20/2019,NY,New
2799498,yeezy boost 700,yeezy boost 700,mauve/mauve/mauve,ee9614,6.5,$400.00,$330.00,12/23/2018,01/18/2019,NY,New
2799491,yeezy boost 700,yeezy boost 700,mauve/mauve/mauve,ee9614,4.5,$375.00,$309.38,12/23/2018,01/17/2019,NY,New
2395432,ultraboost undftd,ultraboost undftd,black/white,b22480,7.5,$315.00,$259.88,04/30/2018,01/17/2019,FW,New
2599800,yeezy 500,yeezy 500,sumoye/sumoye/sumoye,db2966,4,$395.00,$325.88,09/22/2018,01/15/2019,NY,New
2502706,CRAZY BYW LVL X PW,CRAZY BYW LVL X PW,Chalk Pink/Footwear White-Core Black,g28183,6.5,$250.00,$206.25,07/16/2018,01/14/2019,NJ,New
2102825,pw human race nmd tr,pw human race nmd tr,sun glow/core black/eqt yellow,ac7188,8,$340.00,$280.50,11/19/2017,01/14/2019,FW,New
2599743,air jordan 4 retro levis nrg,air jordan 4 retro levis nrg,black/black-black,ao2571 001,10.5,$290.00,$239.25,09/22/2018,01/14/2019,NJ,New
2499045,yeezy boost 350 v2,yeezy boost 350 v2,butter/butter/butter,f36980,5.5,$280.00,$231.00,07/14/2018,01/14/2019,FW,New
2499054,yeezy boost 350 v2,yeezy boost 350 v2,butter/butter/butter,f36980,5.5,$280.00,$231.00,07/14/2018,01/14/2019,FW,New
2799512,dragon ball z x adidas yung-1,dragon ball z x adidas yung-1,white/unity purple/clear lilac,d97048,9,$240.00,$198.00,12/23/2018,01/13/2019,NY,New
2799502,nike sb dunk low pro og qs,nike sb dunk low pro og qs,voltage purple/voltage purple,bv1310 555a,12,$550.00,$453.75,12/23/2018,01/11/2019,NY,New
2599752,yeezy 500,yeezy 500,utiblk/utiblk/utiblk,f36640,6.5,$435.00,$358.88,09/22/2018,01/11/2019,FW,New
2599756,yeezy 500,yeezy 500,utiblk/utiblk/utiblk,f36640,6.5,$435.00,$358.88,09/22/2018,01/11/2019,FW,New
2599822,the 10: nike air presto,the 10: nike air presto,black/white-cone,aa3830 002,6,$730.00,$602.25,09/22/2018,01/11/2019,NY,New
2799497,yeezy boost 700,yeezy boost 700,mauve/mauve/mauve,ee9614,6.5,$400.00,$330.00,12/23/2018,01/10/2019,NY,New
2599751,yeezy 500,yeezy 500,utiblk/utiblk/utiblk,f36640,6.5,$435.00,$358.88,09/22/2018,01/08/2019,FW,New
2499041,yeezy boost 350 v2,yeezy boost 350 v2,butter/butter/butter,f36980,7.5,$320.00,$264.00,07/14/2018,01/04/2019,MIA,New
2799490,yeezy boost 700,yeezy boost 700,mauve/mauve/mauve,ee9614,4.5,$410.00,$338.25,12/23/2018,01/04/2019,NY,New
2186036,yeezy boost 350 v2,yeezy boost 350 v2,blutin/grethr/hirere,b37571,9,$400.00,$330.00,12/20/2017,01/02/2019,NJ,New
2599754,yeezy 500,yeezy 500,utiblk/utiblk/utiblk,f36640,6.5,$435.00,$358.88,09/22/2018,12/31/2018,NY,New
2799489,yeezy boost 700,yeezy boost 700,mauve/mauve/mauve,ee9614,4.5,$410.00,$338.25,12/23/2018,12/31/2018,NY,New
2799488,yeezy boost 700,yeezy boost 700,mauve/mauve/mauve,ee9614,4.5,$410.00,$338.25,12/23/2018,12/30/2018,NY,New
2799487,yeezy boost 700,yeezy boost 700,mauve/mauve/mauve,ee9614,4.5,$410.00,$338.25,12/23/2018,12/30/2018,NY,New
2799485,yeezy boost 700,yeezy boost 700,mauve/mauve/mauve,ee9614,4.5,$410.00,$338.25,12/23/2018,12/29/2018,NY,New
2716825,the 10: nike zoom fly,the 10: nike zoom fly,tulip pink/racer pink,aj4588 600,6.5,$430.00,$354.75,11/28/2018,12/29/2018,NY,New
2679159,yeezy boost 700,yeezy boost 700,mgsogr/cwhite/cblack,b75571,4.5,$580.00,$478.50,11/10/2018,12/28/2018,NY,New
2599778,air jordan 4rtr levis nrg bg (gs),air jordan 4rtr levis nrg bg (gs),black/black-black,aq9103 001,6.5Y,$175.00,$144.38,09/22/2018,12/27/2018,FW,New
2134003,pw human race nmd tr,pw human race nmd tr,noble ink/bold yellow-footwear white,ac7360,9,$305.00,$251.62,11/30/2017,12/27/2018,FW,New
2799496,yeezy boost 700,yeezy boost 700,mauve/mauve/mauve,ee9614,5.5,$460.00,$379.50,12/23/2018,12/27/2018,NY,New
2599738,yeezy 500,yeezy 500,utiblk/utiblk/utiblk,f36640,7,$330.00,$272.25,09/22/2018,12/24/2018,MIA,New
2679163,yeezy boost 700,yeezy boost 700,mgsogr/cwhite/cblack,b75571,4.5,$580.00,$478.50,11/10/2018,12/24/2018,NY,New
2799495,yeezy boost 700,yeezy boost 700,mauve/mauve/mauve,ee9614,5.5,$460.00,$379.50,12/23/2018,12/24/2018,NY,New
2599806,yeezy 500,yeezy 500,utiblk/utiblk/utiblk,f36640,8.5,$470.00,$387.75,09/22/2018,12/24/2018,NY,New
2799494,yeezy boost 700,yeezy boost 700,mauve/mauve/mauve,ee9614,5.5,$460.00,$379.50,12/23/2018,12/24/2018,NY,New
2799493,yeezy boost 700,yeezy boost 700,mauve/mauve/mauve,ee9614,5.5,$460.00,$379.50,12/23/2018,12/23/2018,NY,New
2599821,the 10: nike air presto,the 10: nike air presto,black/white-cone,aa3830 002,9,$920.00,$759.00,09/22/2018,12/22/2018,NY,New
2599823,the 10: nike air presto,the 10: nike air presto,white/black-cone,aa3830 100,9,$700.00,$577.50,09/22/2018,12/22/2018,NY,New
2121312,pw human race nmd tr,pw human race nmd tr,noble ink/bold yellow-footwear white,ac7360,10.5,$320.00,$264.00,11/28/2017,12/19/2018,NJ,New
2599773,react element 87,react element 87,ANTHRACITE/BLACK-WHITE,aq1090 001,4,$245.00,$202.12,09/22/2018,12/18/2018,NJ,New
2679162,yeezy boost 700,yeezy boost 700,mgsogr/cwhite/cblack,b75571,4.5,$580.00,$478.50,11/10/2018,12/15/2018,NY,New
2679157,zx 500 restomod,zx 500 restomod,orange/collegiate royal,d97046,9.5,$370.00,$305.25,11/10/2018,12/11/2018,NY,New
2679158,zx 500 restomod,zx 500 restomod,orange/collegiate royal,d97046,9,$340.00,$280.50,11/10/2018,12/07/2018,NY,New
2679160,the 10: nike blazer mid,the 10: nike blazer mid,black/cone-black-white,aa3832 001,9,$630.00,$519.75,11/10/2018,12/07/2018,NY,New
2679155,air jordan 5 retro bcfc,air jordan 5 retro bcfc,black/challenge red-white,av9175 001,9,$335.00,$276.38,11/10/2018,12/04/2018,FW,New
2599723,air force 1 low travis scott,air force 1 low travis scott,sail/sail-gum light brown,aq4211 101,4.5,$310.00,$255.75,09/22/2018,12/02/2018,MIA,New
2499087,cortez kenny III,cortez kenny III,black/white-gym red,BV0833 016,9,$220.00,$181.50,07/14/2018,12/01/2018,NJ,New
2599739,yeezy 500,yeezy 500,utiblk/utiblk/utiblk,f36640,7,$450.00,$371.25,09/22/2018,11/24/2018,NY,New
2599782,air vapormax fk moc 2 / acronym,air vapormax fk moc 2 / acronym,black/black-volt,aq0996 007,15,$245.00,$202.12,09/22/2018,11/23/2018,NJ,New
2679153,yeezy boost 700,yeezy boost 700,mgsogr/cwhite/cblack,b75571,4.5,$580.00,$478.50,11/10/2018,11/21/2018,NY,New
2599753,yeezy 500,yeezy 500,utiblk/utiblk/utiblk,f36640,6.5,$470.00,$387.75,09/22/2018,11/21/2018,MIA,New
2499019,yeezy boost 350 v2,yeezy boost 350 v2,butter/butter/butter,f36980,9.5,$275.00,$226.88,07/14/2018,11/20/2018,NJ,New
2679166,wmns air jordan 4 retro nrg,wmns air jordan 4 retro nrg,fire red/summit white-black,av3914 600,W13,$325.00,$268.12,11/10/2018,11/14/2018,NY,New
2599803,air force 1 low travis scott,air force 1 low travis scott,sail/sail-gum light brown,aq4211 101,4.5,$310.00,$255.75,09/22/2018,11/13/2018,NY,New
2302896,air force 1 prm clot,air force 1 prm clot,white/white,ao9286 100,11,$435.00,$358.88,03/05/2018,11/12/2018,FW,New
2599765,air force 1 low travis scott,air force 1 low travis scott,sail/sail-gum light brown,aq4211 101,6,$360.00,$297.00,09/22/2018,11/07/2018,NY,New
2179227,pw human race nmd tr,pw human race nmd tr,sun glow/core black/eqt yellow,ac7188,7.5,$400.00,$330.00,12/18/2017,11/05/2018,NJ,New
2186034,yeezy boost 350 v2,yeezy boost 350 v2,blutin/grethr/hirere,b37571,4,$445.00,$367.12,12/20/2017,10/22/2018,NJ,New
2599726,air presto mid/acronym,air presto mid/acronym,racer pink/black-photo blue,ah7832 600,9,$375.00,$309.38,09/22/2018,10/21/2018,NY,New
2599793,solar hu glide m,solar hu glide m,Ftwr White/Core Black/Bold Green,bb8042,9,$315.00,$259.88,09/22/2018,10/19/2018,NY,New
2499067,air jordan 1 retro high og nrg,air jordan 1 retro high og nrg,black/university red-white,861428 061,8,$430.00,$354.75,07/14/2018,10/11/2018,NY,New
2599740,Nike React Element 87,Nike React Element 87,Desert Sand/Cool Grey,AQ1090 002,8.5,$265.00,$218.62,09/22/2018,10/05/2018,NY,New
2599792,air force 1 low travis scott,air force 1 low travis scott,sail/sail-gum light brown,aq4211 101,11,$425.00,$350.62,09/22/2018,10/04/2018,NY,New
2599775,Nike React Element 87,Nike React Element 87,Desert Sand/Cool Grey,AQ1090 002,10.5,$240.00,$198.00,09/22/2018,10/01/2018,NY,New
2599796,the 10: nike air max 97 og,the 10: nike air max 97 og,elemental rose/black,aj4585 600,9,"$1,275.00","$1,051.88",09/22/2018,10/01/2018,NY,New
2599832,solar hu glide m,solar hu glide m,white/core black/bold green,bb8041,9,$400.00,$330.00,09/22/2018,09/29/2018,NY,New
2599808,yeezy 500,yeezy 500,utiblk/utiblk/utiblk,f36640,6,$445.00,$367.12,09/22/2018,09/28/2018,NY,New
2599807,yeezy 500,yeezy 500,utiblk/utiblk/utiblk,f36640,6,$445.00,$367.12,09/22/2018,09/28/2018,NY,New
2599795,solar hu glide m,solar hu glide m,white/core black/bold green,bb8044,9,$290.00,$239.25,09/22/2018,09/27/2018,NY,New
2599742,air jordan 1 retro high og bg (gs),air jordan 1 retro high og bg (gs),game royal/black-summit white,575441 403,6Y,$385.00,$317.62,09/22/2018,09/25/2018,NY,New
2599827,react element 87/undercover,react element 87/undercover,green mist/linen-summit white,bq2718 300,8,$500.00,$412.50,09/22/2018,09/24/2018,NY,New
2499124,yeezy 500,yeezy 500,blush/blush/blush,db2908,9.5,$425.00,$350.62,07/14/2018,09/19/2018,NY,New
2499114,yeezy boost 700,yeezy boost 700,mgsogr/cwhite/cblack,b75571,5,$660.00,$544.50,07/14/2018,09/16/2018,NY,New
2349977,pw hu holi nmd mc,pw hu holi nmd mc,pink glow/lab green/flash purple,ac7362,9.5,$365.00,$301.12,04/05/2018,09/15/2018,NY,New
2499033,yeezy boost 350 v2,yeezy boost 350 v2,butter/butter/butter,f36980,7.5,$355.00,$292.88,07/14/2018,09/13/2018,NJ,New
2402472,air jordan 3 retro bg,air jordan 3 retro bg,white/fire red-cement grey,398614 116,6Y,$175.00,$144.38,05/07/2018,09/11/2018,FW,New
2499051,yeezy boost 350 v2,yeezy boost 350 v2,butter/butter/butter,f36980,5.5,$375.00,$309.38,07/14/2018,09/10/2018,NJ,New
2499031,nike zoom fly mercurial fk/ow,nike zoom fly mercurial fk/ow,black/white-volt,ao2115 001,9,$480.00,$396.00,07/14/2018,09/10/2018,LA,New
2499077,ultraboost undftd,ultraboost undftd,black/white,b22480,9,$350.00,$288.75,07/14/2018,09/04/2018,NY,New
2499100,air vapormax fk moc 2/acronym,air vapormax fk moc 2/acronym,light bone/volt-light blue,aq0996 001,6.5,$275.00,$226.88,07/14/2018,08/31/2018,NY,New
2499052,yeezy boost 350 v2,yeezy boost 350 v2,butter/butter/butter,f36980,6,$345.00,$284.62,07/14/2018,08/31/2018,NY,New
2499133,yeezy 500,yeezy 500,blush/blush/blush,db2908,9.5,$425.00,$350.62,07/14/2018,08/31/2018,NY,New
2499047,yeezy boost 350 v2,yeezy boost 350 v2,butter/butter/butter,f36980,6,$345.00,$284.62,07/14/2018,08/30/2018,NY,New
2499050,yeezy boost 350 v2,yeezy boost 350 v2,butter/butter/butter,f36980,5,$325.00,$268.12,07/14/2018,08/30/2018,NJ,New
2499127,yeezy 500,yeezy 500,blush/blush/blush,db2908,9.5,$425.00,$350.62,07/14/2018,08/30/2018,NY,New
2499126,yeezy 500,yeezy 500,blush/blush/blush,db2908,9.5,$425.00,$350.62,07/14/2018,08/29/2018,NY,New
2499039,yeezy boost 350 v2,yeezy boost 350 v2,butter/butter/butter,f36980,5,$325.00,$268.12,07/14/2018,08/29/2018,NJ,New
2499049,yeezy boost 350 v2,yeezy boost 350 v2,butter/butter/butter,f36980,6,$345.00,$284.62,07/14/2018,08/29/2018,NY,New
2499026,yeezy boost 350 v2,yeezy boost 350 v2,butter/butter/butter,f36980,5,$325.00,$268.12,07/14/2018,08/28/2018,NJ,New
2499006,yeezy 500,yeezy 500,blush/blush/blush,db2908,9.5,$425.00,$350.62,07/14/2018,08/27/2018,NY,New
2499130,yeezy 500,yeezy 500,blush/blush/blush,db2908,9,$410.00,$338.25,07/14/2018,08/24/2018,NY,New
2499008,yeezy boost 350 v2,yeezy boost 350 v2,butter/butter/butter,f36980,5,$325.00,$268.12,07/14/2018,08/24/2018,NY,New
2499128,yeezy 500,yeezy 500,blush/blush/blush,db2908,9,$410.00,$338.25,07/14/2018,08/24/2018,NY,New
2499129,yeezy 500,yeezy 500,blush/blush/blush,db2908,9,$410.00,$338.25,07/14/2018,08/23/2018,NY,New
2499120,yeezy 500,yeezy 500,blush/blush/blush,db2908,9,$410.00,$338.25,07/14/2018,08/22/2018,NY,New
2499123,yeezy 500,yeezy 500,blush/blush/blush,db2908,9,$410.00,$338.25,07/14/2018,08/22/2018,NY,New
2499117,yeezy 500,yeezy 500,blush/blush/blush,db2908,10,$355.00,$292.88,07/14/2018,08/22/2018,NY,New
2499069,air jordan 1 retro high og nrg,air jordan 1 retro high og nrg,black/university red-white,861428 061,8.5,$440.00,$363.00,07/14/2018,08/21/2018,NJ,New
2499044,yeezy boost 350 v2,yeezy boost 350 v2,butter/butter/butter,f36980,13,$365.00,$301.12,07/14/2018,08/21/2018,NY,New
2499116,yeezy 500,yeezy 500,blush/blush/blush,db2908,9,$410.00,$338.25,07/14/2018,08/20/2018,NY,New
2499115,yeezy 500,yeezy 500,blush/blush/blush,db2908,9,$410.00,$338.25,07/14/2018,08/18/2018,NY,New
2499055,yeezy boost 350 v2,yeezy boost 350 v2,butter/butter/butter,f36980,7,$325.00,$268.12,07/14/2018,08/18/2018,NY,New
2499048,yeezy boost 350 v2,yeezy boost 350 v2,butter/butter/butter,f36980,6,$350.00,$288.75,07/14/2018,08/17/2018,NY,New
2499042,yeezy boost 350 v2,yeezy boost 350 v2,butter/butter/butter,f36980,7,$325.00,$268.12,07/14/2018,08/17/2018,NY,New
2499090,air vapormax fk moc 2/acronym,air vapormax fk moc 2/acronym,light bone/volt-light blue,aq0996 001,8.5,$345.00,$284.62,07/14/2018,08/17/2018,NY,New
2408618,air force 1 prm clot,air force 1 prm clot,white/white,ao9286 100,7,$415.00,$342.38,05/12/2018,08/11/2018,NY,New
2499112,yeezy boost 700,yeezy boost 700,mgsogr/cwhite/cblack,b75571,9.5,$705.00,$581.62,07/14/2018,08/06/2018,NY,New
2499070,air jordan 1 retro high og nrg,air jordan 1 retro high og nrg,black/university red-white,861428 061,9,$410.00,$338.25,07/14/2018,08/06/2018,NY,New
2499122,yeezy 500,yeezy 500,blush/blush/blush,db2908,10,$355.00,$292.88,07/14/2018,08/05/2018,NY,New
2499121,yeezy 500,yeezy 500,blush/blush/blush,db2908,10,$355.00,$292.88,07/14/2018,08/04/2018,NY,New
2499119,yeezy 500,yeezy 500,blush/blush/blush,db2908,10,$355.00,$292.88,07/14/2018,08/04/2018,NY,New
2499011,yeezy 500,yeezy 500,blush/blush/blush,db2908,9.5,$405.00,$334.12,07/14/2018,08/04/2018,NY,New
2499118,yeezy 500,yeezy 500,blush/blush/blush,db2908,10,$355.00,$292.88,07/14/2018,08/04/2018,NY,New
2499014,yeezy 500,yeezy 500,blush/blush/blush,db2908,10,$355.00,$292.88,07/14/2018,08/03/2018,NY,New
2499068,air jordan 1 retro high og nrg,air jordan 1 retro high og nrg,black/university red-white,861428 061,8,$395.00,$325.88,07/14/2018,08/03/2018,NY,New
2499005,yeezy boost 700,yeezy boost 700,mgsogr/cwhite/cblack,b75571,6,$660.00,$544.50,07/14/2018,08/03/2018,NY,New
2499071,air jordan 1 retro high og nrg,air jordan 1 retro high og nrg,black/university red-white,861428 061,8.5,$440.00,$363.00,07/14/2018,08/01/2018,NY,New
2121309,yeezy boost 350 v2,yeezy boost 350 v2,sefrye/rawste/red,b37572,8,$535.00,$441.38,11/28/2017,07/23/2018,NY,New
2499175,pw hu holi nmd mc,pw hu holi nmd mc,purple/green/pink,ac7034,9.5,$390.00,$321.75,07/14/2018,07/22/2018,NY,New
2499035,air jordan 1 x off-white nrg,air jordan 1 x off-white nrg,white/dark powder blue-cone,aq0818 148,8,"$1,135.00",$936.38,07/14/2018,07/18/2018,NY,New
2499180,yeezy 500,yeezy 500,blush/blush/blush,db2908,14,$370.00,$305.25,07/14/2018,07/16/2018,NY,New
2096400,Ace 16+ Pure control ultrab,Ace 16+ Pure control ultrab,Clay/Sesame,CG3655,10,$200.00,$165.00,11/15/2017,07/14/2018,NY,New
2473673,react element 87,react element 87,sail/light bone-white,aq1090 100,8.5,$425.00,$350.62,06/27/2018,07/07/2018,NY,New
2473676,react element 87,react element 87,sail/light bone-white,aq1090 100,9,$425.00,$350.62,06/27/2018,07/07/2018,NY,New
2408642,yeezy 500,yeezy 500,blush/blush/blush,db2908,8.5,$365.00,$301.12,05/12/2018,07/03/2018,NY,New
2473675,react element 87,react element 87,sail/light bone-white,aq1090 100,9,$425.00,$350.62,06/27/2018,07/02/2018,NY,New
2408641,yeezy 500,yeezy 500,blush/blush/blush,db2908,8.5,$365.00,$301.12,05/12/2018,07/01/2018,NY,New
2408640,yeezy 500,yeezy 500,blush/blush/blush,db2908,8.5,$365.00,$301.12,05/12/2018,06/30/2018,NY,New
2473674,react element 87,react element 87,sail/light bone-white,aq1090 100,9,$425.00,$350.62,06/27/2018,06/30/2018,NY,New
2408639,yeezy 500,yeezy 500,blush/blush/blush,db2908,8.5,$365.00,$301.12,05/12/2018,06/30/2018,NY,New
2408637,yeezy 500,yeezy 500,blush/blush/blush,db2908,8.5,$365.00,$301.12,05/12/2018,06/29/2018,NY,New
2408635,yeezy 500,yeezy 500,blush/blush/blush,db2908,8.5,$365.00,$301.12,05/12/2018,06/29/2018,NY,New
2182046,yeezy boost 350 v2,yeezy boost 350 v2,sefrye/rawste/red,b37572,6.5,$530.00,$437.25,12/19/2017,06/29/2018,NY,New
2408633,yeezy 500,yeezy 500,blush/blush/blush,db2908,8,$370.00,$305.25,05/12/2018,06/16/2018,NY,New
2408631,yeezy 500,yeezy 500,blush/blush/blush,db2908,8,$370.00,$305.25,05/12/2018,06/15/2018,NY,New
2408630,yeezy 500,yeezy 500,blush/blush/blush,db2908,8,$370.00,$305.25,05/12/2018,06/15/2018,NY,New
2408632,yeezy 500,yeezy 500,blush/blush/blush,db2908,8,$370.00,$305.25,05/12/2018,06/04/2018,NY,New
2408629,yeezy 500,yeezy 500,blush/blush/blush,db2908,8,$370.00,$305.25,05/12/2018,06/04/2018,NY,New
2408627,yeezy 500,yeezy 500,blush/blush/blush,db2908,8,$370.00,$305.25,05/12/2018,06/02/2018,NY,New
2408614,Wmns M2K Tekno 'Pink Foam',Wmns M2K Tekno 'Pink Foam',pink foam/black-phantom white,AO3108 600,W9.5,$300.00,$247.50,05/12/2018,05/28/2018,NY,New
2408158,air jordan 11 retro,air jordan 11 retro,black/black-black,378037 005,9,$450.00,$371.25,05/11/2018,05/26/2018,NY,New
2408612,Wmns M2K Tekno 'Pink Foam',Wmns M2K Tekno 'Pink Foam',pink foam/black-phantom white,AO3108 600,W9,$300.00,$247.50,05/12/2018,05/25/2018,NY,New
2408622,yeezy 500,yeezy 500,blush/blush/blush,db2908,8.5,$360.00,$297.00,05/12/2018,05/21/2018,NY,New
2408617,air vapormax fk moc 2/acronym,air vapormax fk moc 2/acronym,light bone/volt-light blue,aq0996 001,9,$360.00,$297.00,05/12/2018,05/16/2018,NY,New
2408623,yeezy 500,yeezy 500,blush/blush/blush,db2908,11,$300.00,$247.50,05/12/2018,05/16/2018,NY,New
2408625,yeezy 500,yeezy 500,blush/blush/blush,db2908,11,$300.00,$247.50,05/12/2018,05/15/2018,NY,New
2408619,the 10: nike air vapormax fk,the 10: nike air vapormax fk,black/clear-total orange,aa3831 002,9,$775.00,$639.38,05/12/2018,05/14/2018,NY,New
2395431,yeezy 500,yeezy 500,blush/blush/blush,db2908,6.5,$420.00,$346.50,04/30/2018,05/04/2018,NY,New
2349983,air force 1 mid '07/supreme,air force 1 mid '07/supreme,black/black,aq8017 001,11.5,$280.00,$231.00,04/05/2018,05/01/2018,NY,New
2349976,pw hu holi nmd mc,pw hu holi nmd mc,pink glow/lab green/flash purple,ac7362,4,$635.00,$523.88,04/05/2018,04/26/2018,NY,New
2349981,air force 1 mid '07/supreme,air force 1 mid '07/supreme,white/white,aq8017 100,9,$345.00,$284.62,04/05/2018,04/24/2018,NY,New
2330448,air jordan 8 retro ovo,air jordan 8 retro ovo,white/blur-metallic gold,aa1239 135,14,$400.00,$330.00,03/22/2018,04/17/2018,NY,New
2302889,AIR JORDAN 17 RET LOW SOLEFLY,AIR JORDAN 17 RET LOW SOLEFLY,BLACK/LIGHTNING,AJ7321 003,9,$565.00,$466.12,03/05/2018,04/11/2018,FW,New
2349984,nmd r1 pk nbhd,nmd r1 pk nbhd,black/white,da8835,11.5,$340.00,$280.50,04/05/2018,04/08/2018,NY,New
2349982,air force 1 mid '07/supreme,air force 1 mid '07/supreme,white/white,aq8017 100,13,$275.00,$226.88,04/05/2018,04/08/2018,NY,New
2211105,yeezy boost 350 v2,yeezy boost 350 v2,blutin/grethr/hirere,b37571,9,$495.00,$408.38,01/03/2018,04/01/2018,NY,New
2187903,yeezy boost 350 v2,yeezy boost 350 v2,blutin/grethr/hirere,b37571,9.5,$500.00,$412.50,12/21/2017,03/26/2018,NY,New
2182045,yeezy boost 350 v2,yeezy boost 350 v2,grey/borang/dgsogr,ah2203,5,$495.00,$408.38,12/19/2017,03/26/2018,NY,New
2186033,yeezy boost 350 v2,yeezy boost 350 v2,blutin/grethr/hirere,b37571,9.5,$500.00,$412.50,12/20/2017,03/25/2018,NY,New
2330445,nmd r1 pk nbhd,nmd r1 pk nbhd,black/white,da8835,8,$355.00,$292.88,03/22/2018,03/24/2018,NY,New
2330446,nmd r1 pk nbhd,nmd r1 pk nbhd,black/white,da8835,13,$365.00,$301.12,03/22/2018,03/24/2018,NY,New
2330447,air jordan 8 retro ovo,air jordan 8 retro ovo,white/blur-metallic gold,aa1239 135,9,$370.00,$305.25,03/22/2018,03/23/2018,NY,New
2182043,yeezy boost 350 v2,yeezy boost 350 v2,grey/borang/dgsogr,ah2203,9,$495.00,$408.38,12/19/2017,03/19/2018,NY,New
2182041,yeezy boost 350 v2,yeezy boost 350 v2,grey/borang/dgsogr,ah2203,9,$495.00,$408.38,12/19/2017,03/19/2018,NY,New
2302897,nike air max 1 dlx,nike air max 1 dlx,Wheat/Bison/Classic Green/Sport Red,AQ0928 700,5,$380.00,$313.50,03/05/2018,03/18/2018,NY,New
2302898,air max 95 dlx,air max 95 dlx,pony/sport red-black,aq0929 200,9,$475.00,$391.88,03/05/2018,03/17/2018,NY,New
2187899,yeezy boost 350 v2,yeezy boost 350 v2,blutin/grethr/hirere,b37571,10,$500.00,$412.50,12/21/2017,03/13/2018,NY,New
2302894,nmd r1 pk nbhd,nmd r1 pk nbhd,black/white,da8835,8.5,$345.00,$284.62,03/05/2018,03/13/2018,NY,New
2302887,air jordan 8 retro ovo,air jordan 8 retro ovo,black/blur-metallic gold,aa1239 045,11,$340.00,$280.50,03/05/2018,03/11/2018,NY,New
2211075,yeezy boost 350 v2,yeezy boost 350 v2,blutin/grethr/hirere,b37571,8.5,$495.00,$408.38,01/03/2018,03/10/2018,NY,New
2302881,air force 1 prm clot,air force 1 prm clot,white/white,ao9286 100,9,$475.00,$391.88,03/05/2018,03/07/2018,NY,New
2302883,air jordan 1 retro high og nrg,air jordan 1 retro high og nrg,black/black-metallic gold,861428 007,10,$300.00,$247.50,03/05/2018,03/06/2018,NY,New
2302886,air jordan 8 retro ovo,air jordan 8 retro ovo,black/blur-metallic gold,aa1239 045,9,$360.00,$297.00,03/05/2018,03/06/2018,NY,New
2302893,nmd r1 pk nbhd,nmd r1 pk nbhd,black/white,da8835,9,$345.00,$284.62,03/05/2018,03/05/2018,NY,New
2302882,air jordan 1 retro high og nrg,air jordan 1 retro high og nrg,black/black-metallic gold,861428 007,10,$300.00,$247.50,03/05/2018,03/05/2018,NY,New
2182040,yeezy boost 350 v2,yeezy boost 350 v2,grey/borang/dgsogr,ah2203,9.5,$500.00,$412.50,12/19/2017,02/28/2018,NY,New
2182038,yeezy boost 350 v2,yeezy boost 350 v2,grey/borang/dgsogr,ah2203,10,$495.00,$408.38,12/19/2017,02/27/2018,NY,New
2182039,yeezy boost 350 v2,yeezy boost 350 v2,grey/borang/dgsogr,ah2203,9.5,$500.00,$412.50,12/19/2017,02/27/2018,NY,New
2134028,yeezy boost 350 v2,yeezy boost 350 v2,grey/borang/dgsogr,ah2203,6,$575.00,$474.38,11/30/2017,02/23/2018,NY,New
2096397,yeezy boost 700,yeezy boost 700,mgsogr/cwhite/cblack,b75571,9,"$1,000.00",$825.00,11/15/2017,02/20/2018,NY,New
2182044,yeezy boost 350 v2,yeezy boost 350 v2,grey/borang/dgsogr,ah2203,6,$525.00,$433.12,12/19/2017,02/15/2018,NY,New
2096385,pw human race nmd tr,pw human race nmd tr,core-back/white,ac7359,8,$550.00,$453.75,11/15/2017,02/01/2018,NY,New
2211101,yeezy boost 350 v2,yeezy boost 350 v2,blutin/grethr/hirere,b37571,12,$495.00,$408.38,01/03/2018,01/30/2018,NY,New
2211034,yeezy boost 350 v2,yeezy boost 350 v2,blutin/grethr/hirere,b37571,7.5,$520.00,$429.00,01/03/2018,01/28/2018,NY,New
2121329,the 10: nike zoom fly,the 10: nike zoom fly,white/white-muslin,aj4588 100,9,$605.00,$499.12,11/28/2017,01/22/2018,NY,New
2187909,yeezy boost 350 v2,yeezy boost 350 v2,blutin/grethr/hirere,b37571,6,$500.00,$412.50,12/21/2017,01/19/2018,NY,New
2228454,era 95 dx (f.o.g),era 95 dx (f.o.g),red corduroy,vn0a3mq5pzq,10,$445.00,$367.12,01/10/2018,01/17/2018,NY,New
2228455,era 95 dx (f.o.g),era 95 dx (f.o.g),red corduroy,vn0a3mq5pzq,8,$480.00,$396.00,01/10/2018,01/14/2018,NY,New
2121317,the 10: nike air vapormax fk,the 10: nike air vapormax fk,black/white-black,aa3831 001,9,$905.00,$746.62,11/28/2017,01/05/2018,NY,New
2121318,the 10: hyperdunk 2017 fk,the 10: hyperdunk 2017 fk,white/black-white,aj4578 100,9,$550.00,$453.75,11/28/2017,01/03/2018,NY,New
2121324,Ace 16+ Pure control ultrab,Ace 16+ Pure control ultrab,Clay/Sesame,CG3655,7.5,$300.00,$247.50,11/28/2017,12/26/2017,NY,New
2186035,yeezy boost 350 v2,yeezy boost 350 v2,blutin/grethr/hirere,b37571,6,$500.00,$412.50,12/20/2017,12/23/2017,NY,New
2182052,yeezy boost 350 v2,yeezy boost 350 v2,blutin/grethr/hirere,b37571,6,$500.00,$412.50,12/19/2017,12/22/2017,NY,New
2121315,the 10 : nike air force 1 low,the 10 : nike air force 1 low,white/white-white,ao4606 100,10,$625.00,$515.62,11/28/2017,12/22/2017,NY,New
2182053,yeezy boost 350 v2,yeezy boost 350 v2,blutin/grethr/hirere,b37571,6,$500.00,$412.50,12/19/2017,12/21/2017,NY,New
2182051,yeezy boost 350 v2,yeezy boost 350 v2,blutin/grethr/hirere,b37571,6,$500.00,$412.50,12/19/2017,12/21/2017,NY,New
2102841,pw human race nmd tr,pw human race nmd tr,Pale Nude/Core Black-Yellow,ac7361,9,$440.00,$363.00,11/19/2017,12/21/2017,NY,New
2121311,yeezy boost 350 v2,yeezy boost 350 v2,grey/borang/dgsogr,ah2203,7,$575.00,$474.38,11/28/2017,12/20/2017,NY,New
2182050,yeezy boost 350 v2,yeezy boost 350 v2,blutin/grethr/hirere,b37571,7,$550.00,$453.75,12/19/2017,12/20/2017,NY,New
2179221,nmd r1 pk,nmd r1 pk,black/white/blue/red,s79168,10,$345.00,$284.62,12/18/2017,12/19/2017,NY,New
2121321,Fear of God x Slip-On 47 DX 'Collection 2 Red Black',Fear of God x Slip-On 47 DX 'Collection 2 Red Black',Red/Black/Suede,VN0A3J9FPQR,8.5,$565.00,$466.12,11/28/2017,12/16/2017,NY,New
2102844,nmd r1 pk,nmd r1 pk,Talc/Black/Black,CQ1862,9,$295.00,$243.38,11/19/2017,12/13/2017,NY,New
2134008,yeezy boost 350 v2,yeezy boost 350 v2,grey/borang/dgsogr,ah2203,11,$575.00,$474.38,11/30/2017,12/02/2017,NY,New
2134007,yeezy boost 350 v2,yeezy boost 350 v2,grey/borang/dgsogr,ah2203,11,$575.00,$474.38,11/30/2017,12/02/2017,NY,New
2054936,nike air max 97 og/ undftd,nike air max 97 og/ undftd,Sail/Speed red-white,AJ1986 100,8.5,$660.00,$544.50,10/17/2017,12/01/2017,NY,New
2134010,yeezy boost 350 v2,yeezy boost 350 v2,grey/borang/dgsogr,ah2203,6,$575.00,$474.38,11/30/2017,11/30/2017,NY,New
2121310,yeezy boost 350 v2,yeezy boost 350 v2,grey/borang/dgsogr,ah2203,6,$575.00,$474.38,11/28/2017,11/29/2017,NY,New
2122078,yeezy boost 350 v2,yeezy boost 350 v2,grey/borang/dgsogr,ah2203,11,$575.00,$474.38,11/28/2017,11/29/2017,NY,New
2121308,yeezy boost 350 v2,yeezy boost 350 v2,grey/borang/dgsogr,ah2203,6,$575.00,$474.38,11/28/2017,11/29/2017,NY,New
2121320,mountain edition,mountain edition,red/print,vn0a3mq4pqp,8,$335.00,$276.38,11/28/2017,11/29/2017,NY,New
2056553,nike air max 97 og/ undftd,nike air max 97 og/ undftd,Sail/Speed red-white,AJ1986 100,10.5,$550.00,$453.75,10/18/2017,11/24/2017,NY,New
2081053,air jordan 16 retro,air jordan 16 retro,black/metallic-silver,aa1235 003,8.5,$555.00,$457.88,11/05/2017,11/15/2017,NY,New
2056556,nike air max 97 og/ undftd,nike air max 97 og/ undftd,Sail/Speed red-white,AJ1986 100,10,$550.00,$453.75,10/18/2017,11/06/2017,NY,New
2054935,nike air max 97 og/ undftd,nike air max 97 og/ undftd,Sail/Speed red-white,AJ1986 100,8.5,$660.00,$544.50,10/17/2017,11/05/2017,NY,New
2056555,nike air max 97 og/ undftd,nike air max 97 og/ undftd,Sail/Speed red-white,AJ1986 100,10,$555.00,$457.88,10/18/2017,11/04/2017,NY,New
1833410,Copa 17.1 Kith Ultraboost,Copa 17.1 Kith Ultraboost,Crystal White/Crystal White/Clear Grey,CM7895,9,$360.00,$297.00,06/07/2017,09/25/2017,NY,New
1869975,yeezy boost 350 v2,yeezy boost 350 v2,white/cblack/red,cp9654,9,$650.00,$536.25,06/29/2017,09/07/2017,FW,New
1872907,yeezy boost 350 v2,yeezy boost 350 v2,white/cblack/red,cp9654,11,$700.00,$577.50,07/02/2017,07/24/2017,FW,New
1872906,yeezy boost 350 v2,yeezy boost 350 v2,white/cblack/red,cp9654,11,$700.00,$577.50,07/02/2017,07/24/2017,FW,New
1829007,nmd r1_pk,nmd r1_pk,white/grey-blue,bb6364,9,$425.00,$350.62,06/05/2017,07/20/2017,FW,New
1867814,yeezy boost 350 v2,yeezy boost 350 v2,white/cblack/red,cp9654,9.5,$750.00,$618.75,06/28/2017,06/30/2017,NY,New
1807960,nmd r1_pk,nmd r1_pk,ftwwht/cblack/orange,bb6365,9,$500.00,$412.50,05/23/2017,06/28/2017,FW,New
1845966,yeezy powerphase,yeezy powerphase,cwhite/cwhite/cwhite,cq1693,9,$200.00,$165.00,06/14/2017,06/25/2017,NY,New
1829008,yeezy powerphase,yeezy powerphase,cwhite/cwhite/cwhite,cq1693,9,$200.00,$165.00,06/05/2017,06/22/2017,FW,New
1826420,yeezy powerphase,yeezy powerphase,cwhite/cwhite/cwhite,cq1693,9,$250.00,$206.25,06/04/2017,06/15/2017,NY,New
1809565,nmd r1_pk,nmd r1_pk,ftwwht/cblack/orange,bb6365,9,$500.00,$412.50,05/24/2017,05/25/2017,NY,New
1756347,nmd cs2 pk s.e.,nmd cs2 pk s.e.,pink/white,by2596,9,$250.00,$206.25,04/21/2017,05/04/2017,NY,New
1768522,yeezy boost 350 v2,yeezy boost 350 v2,cwhite/cwhite/cwhite,cp9366,7.5,$700.00,$577.50,04/29/2017,05/01/2017,NY,New
1685073,yeezy boost 350 v2,yeezy boost 350 v2,white/cblack/red,cp9654,6,"$1,750.00","$1,443.75",03/04/2017,04/21/2017,NY,New
1569499,Ultra Boost Mid Kith,Ultra Boost Mid Kith,Footwear White/Core Black/Clear Brown,BY2592,9,$500.00,$412.50,01/03/2017,01/04/2017,NY,New